{
  "schemaVersion": 1,
  "id": "totemshame",
  "version": "${version}",
  "name": "Totem Shame",
  "description": "Show a random meme caption/animation when you pop a Totem of Undying (client-side only).",
  "authors": [
    "ThEmAnIsInToWnNoW"
  ],
  "contact": {},
  "license": "MIT",
  "environment": "client",
  "entrypoints": {
    "client": [
      "com.totemshame.TotemShameClient"
    ],
    "modmenu": [
      "com.totemshame.ModMenuIntegration"
    ]
  },
  "mixins": [
    "totemshame.mixins.json"
  ],
  "depends": {
    "fabricloader": "*",
    "fabric": "*"
  }
}